{
    "root_group": {
        "name": "",
        "path": "",
        "id": "d41d8cd98f00b204e9800998ecf8427e",
        "groups": {},
        "checks": {
                "SSE: соединение живо (timeout=OK или статус 200)": {
                    "name": "SSE: соединение живо (timeout=OK или статус 200)",
                    "path": "::SSE: соединение живо (timeout=OK или статус 200)",
                    "id": "c4caf2bc6b4d403aca13abcf3ad293b0",
                    "passes": 600,
                    "fails": 1919290
                },
                "SSE: нет быстрого отказа": {
                    "fails": 1919290,
                    "name": "SSE: нет быстрого отказа",
                    "path": "::SSE: нет быстрого отказа",
                    "id": "0c2ede8d41a35b3f28504187dc034e95",
                    "passes": 600
                }
            }
    },
    "metrics": {
        "checks": {
            "passes": 1200,
            "fails": 3838580,
            "value": 0.0003125179046716218
        },
        "http_req_receiving": {
            "med": 0,
            "max": 37537.7362,
            "p(90)": 0,
            "p(95)": 0.5328,
            "avg": 10.345026399220753,
            "min": 0
        },
        "iteration_duration": {
            "p(95)": 91.17,
            "avg": 84.08129606581375,
            "min": 40.0105,
            "med": 63.9387,
            "max": 40017.0729,
            "p(90)": 81.4551
        },
        "http_req_sending": {
            "p(90)": 0,
            "p(95)": 0,
            "avg": 0.01477137846439112,
            "min": 0,
            "med": 0,
            "max": 32.0695
        },
        "data_sent": {
            "count": 405848668,
            "rate": 819840.9403483669
        },
        "iterations": {
            "count": 1919890,
            "rate": 3878.303779391549
        },
        "vus": {
            "min": 3,
            "max": 335,
            "value": 3
        },
        "http_req_duration": {
            "avg": 82.30876453156488,
            "min": 0,
            "med": 63.76825,
            "max": 40017.0729,
            "p(90)": 81.194,
            "p(95)": 90.7058
        },
        "http_req_connecting": {
            "p(95)": 0,
            "avg": 0.17271100198448885,
            "min": 0,
            "med": 0,
            "max": 681.9703,
            "p(90)": 0
        },
        "http_req_failed": {
            "fails": 0,
            "passes": 1919890,
            "value": 1
        },
        "sse_ttfb_ms": {
            "med": 63.7018,
            "max": 9603.983,
            "p(90)": 81.12241,
            "p(95)": 90.6158,
            "avg": 71.95046580779737,
            "min": 40.0105,
            "thresholds": {
                "p(95)<3000": false
            }
        },
        "http_req_blocked": {
            "min": 0,
            "med": 0,
            "max": 16907.0911,
            "p(90)": 0,
            "p(95)": 0,
            "avg": 1.1859661663428664
        },
        "http_req_tls_handshaking": {
            "med": 0,
            "max": 16887.4265,
            "p(90)": 0,
            "p(95)": 0,
            "avg": 0.8721413621092873,
            "min": 0
        },
        "data_received": {
            "count": 802120881,
            "rate": 1620336.8132086624
        },
        "sse_error_rate": {
            "passes": 1919290,
            "fails": 600,
            "thresholds": {
                "rate<0.01": true
            },
            "value": 0.9996874820953284
        },
        "http_req_waiting": {
            "p(90)": 81.1224,
            "p(95)": 90.6158,
            "avg": 71.9489667538764,
            "min": 0,
            "med": 63.7017,
            "max": 9603.983
        },
        "http_reqs": {
            "count": 1919890,
            "rate": 3878.303779391549
        },
        "vus_max": {
            "max": 335,
            "value": 335,
            "min": 335
        }
    }
}